Player ID,Name,goals_scored,assists,minutes,goals_conceded,creativity,influence,threat,ict_index,clean_sheets,red_cards,yellow_cards,cost,Position,Team,Power ranking,Saves,games,ClubID,ClubPower,Predicted Performace index,Cost Efficiency
1,Granit Xhaka,7,8,2992,35,673.3,647.0,498,182.0,13,0,4,48,MID,Arsenal,94.6,,33,0,94.6,29,0.6041666666666666
3,Rob Holding,1,0,562,13,10.3,152.0,54,21.6,0,0,0,42,DEF,Arsenal,94.6,,6,0,94.6,3,0.07142857142857142
4,Thomas Partey,3,0,2480,28,439.6,513.2,240,119.5,11,0,5,47,MID,Arsenal,94.6,,27,0,94.6,19,0.40425531914893614
5,Martin Ødegaard,15,8,3132,38,1100.4,960.0,920,298.3,13,0,4,85,MID,Arsenal,94.6,,34,0,94.6,47,0.5529411764705883
6,Kieran Tierney,0,1,774,10,85.5,144.0,67,29.9,1,0,0,46,DEF,Arsenal,94.6,,8,0,94.6,4,0.08695652173913043
8,Benjamin White,2,5,3054,35,491.2,649.0,159,130.0,15,0,5,50,DEF,Arsenal,94.6,,33,0,94.6,20,0.4
9,Eddie Nketiah,4,2,1071,16,128.2,213.4,598,93.1,2,0,3,55,FWD,Arsenal,94.6,,11,0,94.6,6,0.10909090909090909
11,Bukayo Saka,14,12,3183,42,1091.8,972.2,1164,322.8,12,0,6,85,MID,Arsenal,94.6,,35,0,94.6,51,0.6
12,Takehiro Tomiyasu,0,1,651,11,86.6,137.0,55,27.7,2,0,2,42,DEF,Arsenal,94.6,,7,0,94.6,4,0.09523809523809523
13,Aaron Ramsdale,0,0,3420,43,0.0,761.4,0,76.2,14,0,1,50,GK,Arsenal,94.6,94.0,38,0,94.6,12,0.24
14,Gabriel dos Santos Magalhães,3,0,3409,43,129.7,733.8,401,126.5,14,0,5,50,DEF,Arsenal,94.6,,37,0,94.6,19,0.38
16,Gabriel Martinelli Silva,15,9,2789,33,838.1,844.2,1300,298.1,14,0,3,65,MID,Arsenal,94.6,,30,0,94.6,47,0.7230769230769231
21,Fábio Ferreira Vieira,1,2,500,5,180.1,115.2,123,41.4,2,0,0,56,MID,Arsenal,94.6,,5,0,94.6,6,0.10714285714285714
22,William Saliba,2,1,2415,25,100.8,529.0,114,74.5,12,0,4,50,DEF,Arsenal,94.6,,26,0,94.6,11,0.22
24,Gabriel Fernando de Jesus,11,7,2064,23,407.3,594.2,1282,228.3,9,0,6,81,FWD,Arsenal,94.6,,22,0,94.6,16,0.19753086419753085
25,Leandro Trossard,8,13,2237,38,687.1,620.0,859,216.6,8,0,1,70,MID,Arsenal,94.6,,24,0,94.6,34,0.4857142857142857
26,Jorge Luiz Frello Filho,2,2,2127,23,254.1,386.4,97,73.9,9,0,4,57,MID,Arsenal,94.6,,23,0,94.6,11,0.19298245614035087
27,Oleksandr Zinchenko,1,2,2122,28,387.7,405.0,190,98.3,10,0,3,50,DEF,Arsenal,94.6,,23,0,94.6,15,0.3
34,Jakub Kiwior,1,0,425,6,4.1,53.6,4,6.3,2,0,0,40,DEF,Arsenal,94.6,,4,0,94.6,1,0.025
37,Philippe Coutinho Correia,1,0,777,9,152.5,119.2,218,48.8,3,0,3,66,MID,Aston Villa,90.3,,8,1,90.3,7,0.10606060606060606
38,Emiliano Martínez Romero,0,0,3139,38,23.0,813.0,0,83.5,11,0,7,50,GK,Aston Villa,90.3,97.0,34,1,90.3,12,0.24
39,Calum Chambers,0,0,345,4,29.8,74.4,8,11.1,0,0,2,42,DEF,Aston Villa,90.3,,3,1,90.3,1,0.023809523809523808
40,Lucas Digne,1,0,1492,25,293.3,271.4,92,65.8,3,0,5,45,DEF,Aston Villa,90.3,,16,1,90.3,9,0.2
44,John McGinn,1,5,2692,31,349.2,375.0,326,105.1,10,0,7,51,MID,Aston Villa,90.3,,29,1,90.3,16,0.3137254901960784
46,Tyrone Mings,1,3,3150,40,87.7,657.2,121,87.0,12,0,7,45,DEF,Aston Villa,90.3,,35,1,90.3,12,0.26666666666666666
47,Ollie Watkins,15,8,3129,40,408.5,792.0,1268,247.0,13,0,4,80,FWD,Aston Villa,90.3,,34,1,90.3,17,0.2125
49,Emiliano Buendía Stati,5,3,2404,34,546.3,438.2,580,156.6,11,0,0,57,MID,Aston Villa,90.3,,26,1,90.3,24,0.42105263157894735
50,Matty Cash,0,2,1817,29,178.0,298.4,67,54.4,4,0,4,46,DEF,Aston Villa,90.3,,20,1,90.3,8,0.17391304347826086
51,Ezri Konsa Ngoyo,0,0,3322,45,116.1,560.4,72,74.9,12,0,6,44,DEF,Aston Villa,90.3,,36,1,90.3,11,0.25
52,Leon Bailey,4,5,1964,32,439.1,334.2,532,130.1,8,0,4,43,MID,Aston Villa,90.3,,21,1,90.3,19,0.4418604651162791
53,Douglas Luiz Soares de Paulo,6,7,2922,35,655.4,661.6,242,155.8,13,1,6,48,MID,Aston Villa,90.3,,32,1,90.3,23,0.4791666666666667
54,Jacob Ramsey,6,8,2634,33,496.7,607.2,424,152.8,11,0,5,51,MID,Aston Villa,90.3,,29,1,90.3,23,0.45098039215686275
59,Boubacar Kamara,0,1,1773,30,123.4,275.8,39,43.9,3,0,4,48,MID,Aston Villa,90.3,,19,1,90.3,6,0.125
63,Leander Dendoncker,0,0,897,14,96.1,143.4,64,30.6,4,0,0,47,MID,Aston Villa,90.3,,9,1,90.3,4,0.0851063829787234
66,Ashley Young,1,0,2031,28,223.4,380.2,81,68.7,9,0,7,43,DEF,Everton,84.2,,22,2,84.2,9,0.20930232558139536
70,Alexandre Moreno Lopera,0,3,1325,10,321.1,254.4,151,72.3,7,0,3,45,DEF,Aston Villa,90.3,,14,1,90.3,10,0.2222222222222222
79,Adam Smith,0,1,2940,58,261.6,406.2,88,75.7,7,0,11,43,DEF,Bournemouth,85.1,,32,3,85.1,10,0.23255813953488372
81,Ryan Fredericks,0,0,527,11,26.7,66.0,12,10.6,0,0,1,44,DEF,Bournemouth,85.1,,5,3,85.1,1,0.022727272727272728
84,Kieffer Moore,4,0,1269,34,89.6,216.2,272,57.3,3,0,1,49,FWD,Bournemouth,85.1,,14,3,85.1,3,0.061224489795918366
86,Jefferson Lerma Solís,5,0,3252,67,293.6,616.6,311,122.1,7,0,7,47,MID,Bournemouth,85.1,,36,3,85.1,17,0.3617021276595745
88,Dominic Solanke,6,10,2865,52,279.9,524.8,1046,184.4,8,0,2,56,FWD,Bournemouth,85.1,,31,3,85.1,12,0.21428571428571427
89,Lewis Cook,0,2,1712,39,352.5,313.0,45,71.2,3,0,4,49,MID,Bournemouth,85.1,,19,3,85.1,10,0.20408163265306123
91,Ryan Christie,1,2,1825,35,421.7,282.0,400,110.5,3,0,2,53,MID,Bournemouth,85.1,,20,3,85.1,15,0.2830188679245283
92,Philip Billing,7,2,2766,54,388.8,622.0,441,145.2,9,0,5,50,MID,Bournemouth,85.1,,30,3,85.1,21,0.42
93,Chris Mepham,0,0,2197,52,54.4,556.4,134,74.4,5,0,7,43,DEF,Bournemouth,85.1,,24,3,85.1,10,0.23255813953488372
94,Mark Travers,0,0,1035,32,0.0,253.0,0,25.4,2,0,0,41,GK,Bournemouth,85.1,36.0,11,3,85.1,3,0.07317073170731707
95,Lloyd Kelly,0,2,2040,38,97.7,394.0,26,52.1,5,0,3,43,DEF,Bournemouth,85.1,,22,3,85.1,7,0.16279069767441862
97,Jaidon Anthony,3,1,1241,29,209.1,299.4,263,77.2,2,0,2,52,MID,Bournemouth,85.1,,13,3,85.1,11,0.21153846153846154
98,Jordan Zemura,0,1,1452,31,232.8,269.4,71,57.1,5,0,1,42,DEF,Bournemouth,85.1,,16,3,85.1,7,0.16666666666666666
100,Jack Stephens,0,0,1218,24,57.3,270.0,51,38.0,4,0,3,43,DEF,Bournemouth,85.1,,13,3,85.1,5,0.11627906976744186
101,Joe Rothwell,0,1,1010,15,153.3,127.4,27,30.6,3,0,1,49,MID,Bournemouth,85.1,,11,3,85.1,4,0.08163265306122448
102,Marcus Tavernier,5,4,1740,37,348.4,459.8,436,124.2,5,0,1,47,MID,Bournemouth,85.1,,19,3,85.1,17,0.3617021276595745
105,Norberto Murara Neto,0,0,2385,39,0.0,727.6,0,72.8,6,0,4,45,GK,Bournemouth,85.1,100.0,26,3,85.1,10,0.2222222222222222
106,Marcos Senesi,2,0,2489,55,78.7,586.0,109,77.5,5,0,7,44,DEF,Bournemouth,85.1,,27,3,85.1,10,0.22727272727272727
113,Dango Ouattara,1,3,1239,23,261.0,276.8,274,81.0,1,0,1,50,MID,Bournemouth,85.1,,13,3,85.1,11,0.22
116,Matías Viña,2,0,452,10,28.1,156.4,92,27.7,1,0,1,45,DEF,Bournemouth,85.1,,5,3,85.1,3,0.06666666666666667
118,Hamed Traorè,0,0,425,8,218.5,84.0,36,33.8,2,0,0,45,MID,Bournemouth,85.1,,4,3,85.1,4,0.08888888888888889
121,Pontus Jansson,1,0,722,14,2.5,176.2,53,23.4,2,0,0,42,DEF,Brentford,85.4,,8,4,85.4,3,0.07142857142857142
122,Christian Nørgaard,1,6,1763,23,173.7,379.2,269,82.3,6,0,6,53,MID,Brentford,85.4,,19,4,85.4,11,0.20754716981132076
123,Ivan Toney,20,4,2953,42,424.3,926.8,1240,258.7,10,0,9,71,FWD,Brentford,85.4,,32,4,85.4,16,0.22535211267605634
124,David Raya Martin,0,0,3420,46,20.1,1125.4,4,115.2,12,0,1,48,GK,Brentford,85.4,154.0,38,4,85.4,16,0.3333333333333333
126,Josh Dasilva,4,2,1371,17,206.1,304.2,182,69.2,5,0,1,41,MID,Brentford,85.4,,15,4,85.4,10,0.24390243902439024
127,Kristoffer Ajer,0,0,763,14,24.7,96.8,27,15.1,4,0,0,45,DEF,Brentford,85.4,,8,4,85.4,2,0.044444444444444446
128,Rico Henry,0,3,3240,46,401.9,444.4,197,104.5,11,0,4,44,DEF,Brentford,85.4,,36,4,85.4,14,0.3181818181818182
129,Vitaly Janelt,3,1,2201,28,246.1,411.2,223,88.1,8,0,3,55,MID,Brentford,85.4,,24,4,85.4,12,0.21818181818181817
131,Mathias Jensen,5,7,2805,40,787.9,644.0,208,164.1,10,0,5,48,MID,Brentford,85.4,,31,4,85.4,23,0.4791666666666667
132,Yoane Wissa,7,4,1587,17,184.5,363.8,414,95.5,7,0,3,60,MID,Brentford,85.4,,17,4,85.4,13,0.21666666666666667
133,Mads Roerslev Rasmussen,0,0,1101,12,120.6,167.6,46,33.4,5,0,0,43,DEF,Brentford,85.4,,12,4,85.4,4,0.09302325581395349
135,Ethan Pinnock,3,0,2700,34,104.9,751.6,279,113.8,10,0,0,44,DEF,Brentford,85.4,,30,4,85.4,15,0.3409090909090909
136,Frank Onyeka,0,3,837,11,89.9,125.8,106,32.3,3,0,0,48,MID,Brentford,85.4,,9,4,85.4,4,0.08333333333333333
137,Shandon Baptiste,0,2,600,6,144.5,107.8,54,30.7,1,1,1,45,MID,Brentford,85.4,,6,4,85.4,4,0.08888888888888889
138,Bryan Mbeumo,9,9,2905,39,766.3,662.4,866,229.3,10,0,5,57,FWD,Brentford,85.4,,32,4,85.4,15,0.2631578947368421
144,Aaron Hickey,0,3,1918,30,119.8,223.6,98,44.2,5,0,7,49,DEF,Brentford,85.4,,21,4,85.4,6,0.12244897959183673
145,Keane Lewis-Potter,0,1,313,4,64.0,42.0,114,21.9,0,0,0,52,MID,Brentford,85.4,,3,4,85.4,3,0.057692307692307696
147,Ben Mee,3,2,3269,40,92.0,761.4,307,116.3,12,0,2,48,DEF,Brentford,85.4,,36,4,85.4,16,0.3333333333333333
150,Mikkel Damsgaard,0,0,970,14,161.0,137.4,146,44.5,3,0,4,50,MID,Brentford,85.4,,10,4,85.4,6,0.12
151,Mathias Jorgensen,0,1,1097,15,18.2,189.8,45,25.6,4,0,2,39,DEF,Brentford,85.4,,12,4,85.4,3,0.07692307692307693
156,Kevin Schade,0,1,723,7,110.4,72.2,205,38.7,3,0,2,49,MID,Brentford,85.4,,8,4,85.4,5,0.10204081632653061
158,Adam Lallana,2,1,717,10,186.7,144.2,152,48.5,5,0,0,48,MID,Brighton,87.9,,7,5,87.9,7,0.14583333333333334
159,Jason Steele,0,1,1350,23,13.0,347.6,0,36.1,6,0,1,40,GK,Brighton,87.9,36.0,15,5,87.9,5,0.125
160,Danny Welbeck,6,5,1844,28,390.6,378.2,782,155.4,6,0,0,65,FWD,Brighton,87.9,,20,5,87.9,10,0.15384615384615385
161,Pascal Groß,9,8,3240,51,1215.4,888.4,578,268.6,11,0,7,54,MID,Brighton,87.9,,36,5,87.9,40,0.7407407407407407
162,Lewis Dunk,1,1,3240,50,163.6,661.4,198,102.4,12,0,4,48,DEF,Brighton,87.9,,36,5,87.9,14,0.2916666666666667
163,Solly March,6,10,2719,40,965.8,791.8,955,271.4,10,0,2,65,MID,Brighton,87.9,,30,5,87.9,40,0.6153846153846154
164,Adam Webster,0,0,1983,27,104.0,354.0,126,58.4,9,0,2,45,DEF,Brighton,87.9,,22,5,87.9,8,0.17777777777777778
165,Joël Veltman,1,1,2183,29,200.8,406.2,162,77.2,10,0,6,46,DEF,Brighton,87.9,,24,5,87.9,11,0.2391304347826087
166,Robert Sánchez,0,0,2070,30,0.1,439.0,0,43.9,6,0,2,44,GK,Chelsea,89.0,46.0,23,6,89.0,6,0.13636363636363635
167,Tariq Lamptey,0,0,439,7,87.2,70.6,48,20.6,1,0,1,42,DEF,Brighton,87.9,,4,5,87.9,2,0.047619047619047616
169,Alexis Mac Allister,10,2,2882,45,729.6,741.0,706,217.8,10,0,8,60,MID,Liverpool,95.1,,32,7,95.09999999999998,35,0.5833333333333334
173,Moisés Caicedo Corozo,1,1,3138,47,668.6,582.2,210,146.3,10,0,10,50,MID,Brighton,87.9,,34,5,87.9,21,0.42
176,Deniz Undav,5,2,614,9,105.7,157.6,333,59.5,2,0,2,50,FWD,Brighton,87.9,,6,5,87.9,4,0.08
177,Kaoru Mitoma,7,9,2311,35,567.6,566.8,857,198.9,8,0,0,65,MID,Brighton,87.9,,25,5,87.9,29,0.4461538461538462
178,Julio Enciso,4,3,794,12,161.0,255.8,370,78.5,4,0,1,46,FWD,Brighton,87.9,,8,5,87.9,5,0.10869565217391304
180,Billy Gilmour,0,1,502,8,56.5,67.6,33,15.8,2,0,1,42,MID,Brighton,87.9,,5,5,87.9,2,0.047619047619047616
184,Levi Colwill,0,2,1218,21,100.7,222.0,50,37.4,3,0,1,44,DEF,Brighton,87.9,,13,5,87.9,5,0.11363636363636363
185,Pervis Estupiñán,1,7,2674,43,752.9,570.2,295,161.3,10,0,4,50,DEF,Brighton,87.9,,29,5,87.9,23,0.46
186,Evan Ferguson,6,2,942,12,129.1,284.2,350,76.5,6,0,1,46,FWD,Brighton,87.9,,10,5,87.9,5,0.10869565217391304
191,Facundo Buonanotte,1,1,558,12,96.1,87.8,102,27.8,1,0,2,45,MID,Brighton,87.9,,6,5,87.9,4,0.08888888888888889
197,Carney Chukwuemeka,0,0,342,7,69.7,57.6,72,19.9,1,0,0,42,MID,Chelsea,89.0,,3,6,89.0,2,0.047619047619047616
198,Marc Cucurella Saseta,0,2,1669,20,232.5,354.4,72,65.9,6,0,4,49,DEF,Chelsea,89.0,,18,6,89.0,9,0.1836734693877551
199,César Azpilicueta,0,0,1521,21,206.7,259.2,93,55.8,3,0,3,47,DEF,Chelsea,89.0,,16,6,89.0,8,0.1702127659574468
200,Thiago Emiliano da Silva,0,2,2351,32,86.1,657.2,137,88.0,6,0,2,54,DEF,Chelsea,89.0,,26,6,89.0,12,0.2222222222222222
203,Mateo Kovacic,1,2,1699,25,363.8,294.2,114,77.5,4,0,8,49,MID,Chelsea,89.0,,18,6,89.0,11,0.22448979591836735
204,Kepa Arrizabalaga,0,0,2565,33,0.1,706.2,0,70.6,9,0,1,45,GK,Chelsea,89.0,90.0,28,6,89.0,10,0.2222222222222222
205,N'Golo Kanté,0,1,517,7,186.9,107.0,58,35.2,2,0,1,48,MID,Chelsea,89.0,,5,6,89.0,5,0.10416666666666667
206,Hakim Ziyech,0,3,649,7,230.9,155.4,113,49.0,2,0,1,55,MID,Chelsea,89.0,,7,6,89.0,7,0.12727272727272726
207,Ruben Loftus-Cheek,0,1,1530,23,234.8,206.6,173,61.6,5,0,1,50,MID,Chelsea,89.0,,17,6,89.0,9,0.18
210,Ben Chilwell,2,3,1402,19,382.6,283.4,178,84.2,4,0,3,56,DEF,Chelsea,89.0,,15,6,89.0,12,0.21428571428571427
211,Christian Pulisic,1,1,805,11,166.7,117.2,210,49.1,3,0,1,56,MID,Chelsea,89.0,,8,6,89.0,7,0.125
212,Trevoh Chalobah,0,0,1601,24,93.5,283.6,108,48.7,5,0,4,44,DEF,Chelsea,89.0,,17,6,89.0,7,0.1590909090909091
213,Mason Mount,3,4,1644,21,463.1,331.4,376,117.2,8,0,4,70,MID,Manchester United,89.3,,18,8,89.3,17,0.24285714285714285
216,Kai Havertz,7,1,2565,31,513.3,470.2,1012,199.3,9,0,5,75,FWD,Arsenal,94.6,,28,0,94.6,14,0.18666666666666668
217,Reece James,1,2,1242,17,358.2,292.2,153,80.4,2,0,4,55,DEF,Chelsea,89.0,,13,6,89.0,11,0.2
218,Edouard Mendy,0,0,855,14,0.0,200.4,0,20.2,1,0,1,48,GK,Chelsea,89.0,25.0,9,6,89.0,3,0.0625
219,Conor Gallagher,3,1,1608,23,343.5,379.8,321,104.3,4,1,9,56,MID,Chelsea,89.0,,17,6,89.0,15,0.26785714285714285
222,Wesley Fofana,1,0,1362,24,59.0,289.2,86,43.8,2,0,4,43,DEF,Chelsea,89.0,,15,6,89.0,6,0.13953488372093023
223,Raheem Sterling,6,4,1886,27,479.8,388.2,603,146.8,5,0,4,70,MID,Chelsea,89.0,,20,6,89.0,22,0.3142857142857143
224,Kalidou Koulibaly,2,1,1798,22,104.1,497.4,141,74.5,6,1,5,55,DEF,Chelsea,89.0,,19,6,89.0,10,0.18181818181818182
226,Denis Zakaria,0,0,409,5,22.6,44.6,24,9.2,2,0,0,49,MID,Chelsea,89.0,,4,6,89.0,1,0.02040816326530612
227,Pierre-Emerick Aubameyang,1,0,546,8,59.4,55.0,177,28.5,1,0,1,84,FWD,Chelsea,89.0,,6,6,89.0,1,0.011904761904761904
230,Lewis Hall,0,0,653,11,174.3,113.2,119,40.7,1,0,1,43,MID,Chelsea,89.0,,7,6,89.0,6,0.13953488372093023
233,Benoît Badiashile,1,0,904,9,49.1,219.8,81,35.1,4,0,2,50,DEF,Chelsea,89.0,,10,6,89.0,5,0.1
234,João Félix Sequeira,4,0,936,16,135.2,203.6,287,61.9,2,1,1,71,FWD,Chelsea,89.0,,10,6,89.0,4,0.056338028169014086
235,Mykhailo Mudryk,0,2,650,10,146.4,100.8,140,38.2,0,0,1,64,MID,Chelsea,89.0,,7,6,89.0,5,0.078125
237,Noni Madueke,1,0,639,13,131.9,130.8,182,44.6,0,0,0,54,MID,Chelsea,89.0,,7,6,89.0,6,0.1111111111111111
238,Enzo Fernández,0,2,1547,25,307.3,298.2,64,67.1,3,0,3,50,MID,Chelsea,89.0,,17,6,89.0,10,0.2
241,Albert Sambi Lokonga,0,0,728,8,57.2,98.4,20,17.6,2,0,2,43,MID,Crystal Palace,84.4,,8,9,84.4,2,0.046511627906976744
242,Vicente Guaita,0,0,2430,34,0.0,668.4,0,66.8,6,0,1,44,GK,Crystal Palace,84.4,84.0,27,9,84.4,9,0.20454545454545456
243,James Tomkins,1,0,335,10,1.1,90.0,54,14.6,0,1,1,39,DEF,Crystal Palace,84.4,,3,9,84.4,2,0.05128205128205128
246,Joel Ward,1,0,2253,35,164.3,436.2,114,71.6,8,0,6,44,DEF,Crystal Palace,84.4,,25,9,84.4,9,0.20454545454545456
247,Nathaniel Clyne,0,0,1638,23,124.9,203.6,8,33.6,3,0,3,45,DEF,Crystal Palace,84.4,,18,9,84.4,4,0.08888888888888889
248,Luka Milivojevic,0,0,500,7,43.6,69.2,17,12.7,2,0,2,42,MID,Crystal Palace,84.4,,5,9,84.4,1,0.023809523809523808
249,Jordan Ayew,4,3,2708,41,465.5,490.8,429,138.7,8,0,5,52,MID,Crystal Palace,84.4,,30,9,84.4,19,0.36538461538461536
250,Wilfried Zaha,7,2,2289,34,384.8,465.4,848,169.4,5,0,5,72,MID,Crystal Palace,84.4,,25,9,84.4,24,0.3333333333333333
251,Jeffrey Schlupp,3,2,2528,38,257.6,404.6,314,97.9,9,0,7,47,MID,Crystal Palace,84.4,,28,9,84.4,14,0.2978723404255319
252,Will Hughes,1,1,822,11,102.1,153.2,57,31.0,1,0,4,48,MID,Crystal Palace,84.4,,9,9,84.4,4,0.08333333333333333
254,Joachim Andersen,1,0,2782,37,146.3,641.8,273,106.4,8,0,8,45,DEF,Crystal Palace,84.4,,30,9,84.4,14,0.3111111111111111
255,Odsonne Edouard,5,2,1788,25,227.7,351.6,544,111.5,5,0,3,50,FWD,Crystal Palace,84.4,,19,9,84.4,7,0.14
256,Marc Guéhi,1,0,3330,46,142.7,688.2,205,103.9,9,0,8,45,DEF,Crystal Palace,84.4,,37,9,84.4,14,0.3111111111111111
257,Jean-Philippe Mateta,2,0,748,10,67.1,115.8,240,41.0,3,0,3,51,FWD,Crystal Palace,84.4,,8,9,84.4,2,0.0392156862745098
258,Eberechi Eze,10,5,2631,35,800.4,692.8,597,208.9,9,0,3,65,MID,Crystal Palace,84.4,,29,9,84.4,29,0.4461538461538462
259,Tyrick Mitchell,0,2,2889,40,234.0,470.4,135,84.3,8,1,5,44,DEF,Crystal Palace,84.4,,32,9,84.4,11,0.25
260,Michael Olise,2,11,2743,38,1014.6,606.6,462,208.8,8,0,2,53,MID,Crystal Palace,84.4,,30,9,84.4,29,0.5471698113207547
264,Sam Johnstone,0,0,810,10,0.0,155.0,0,15.6,3,0,1,44,GK,Crystal Palace,84.4,25.0,9,9,84.4,2,0.045454545454545456
267,Cheick Doucouré,0,3,2770,41,345.8,471.4,157,97.6,7,1,8,50,MID,Crystal Palace,84.4,,30,9,84.4,13,0.26
268,Chris Richards,0,0,443,11,15.3,92.4,26,13.2,1,0,0,44,DEF,Crystal Palace,84.4,,4,9,84.4,1,0.022727272727272728
279,Neal Maupay,1,0,1104,19,109.9,85.8,429,62.2,3,0,4,56,FWD,Everton,84.2,,12,2,84.2,4,0.07142857142857142
282,Seamus Coleman,1,0,1654,25,108.7,297.8,95,50.4,5,0,1,41,DEF,Everton,84.2,,18,2,84.2,6,0.14634146341463414
284,Michael Keane,1,2,983,22,42.6,242.6,131,41.7,2,0,0,42,DEF,Everton,84.2,,10,2,84.2,5,0.11904761904761904
286,Jordan Pickford,0,1,3330,57,23.0,991.2,0,101.3,8,0,6,45,GK,Everton,84.2,123.0,37,2,84.2,14,0.3111111111111111
289,Abdoulaye Doucouré,5,2,1527,27,261.2,315.8,229,80.3,4,1,6,53,MID,Everton,84.2,,16,2,84.2,11,0.20754716981132076
290,Alex Iwobi,2,8,3379,56,917.7,682.4,366,196.7,9,0,2,49,MID,Everton,84.2,,37,2,84.2,28,0.5714285714285714
292,Yerry Mina,2,0,594,9,17.7,176.8,134,33.0,1,0,2,43,DEF,Everton,84.2,,6,2,84.2,4,0.09302325581395349
293,Demarai Gray,4,1,2501,39,605.2,410.4,670,168.5,7,0,3,51,MID,Everton,84.2,,27,2,84.2,24,0.47058823529411764
294,Tom Davies,0,0,524,9,46.2,50.4,98,19.3,1,0,3,49,MID,Everton,84.2,,5,2,84.2,2,0.04081632653061224
295,Dominic Calvert-Lewin,2,1,1166,22,122.4,138.4,409,66.4,4,0,3,79,FWD,Everton,84.2,,12,2,84.2,4,0.05063291139240506
296,Mason Holgate,0,0,506,9,71.9,90.4,55,21.5,2,1,1,42,DEF,Everton,84.2,,5,2,84.2,2,0.047619047619047616
297,Ben Godfrey,0,1,801,18,42.3,146.8,46,23.6,1,0,2,43,DEF,Everton,84.2,,8,2,84.2,3,0.06976744186046512
298,Vitalii Mykolenko,0,1,2653,46,307.0,504.8,120,93.4,7,0,4,41,DEF,Everton,84.2,,29,2,84.2,12,0.2926829268292683
300,Nathan Patterson,0,0,1274,22,111.9,231.4,108,45.3,2,0,3,39,DEF,Everton,84.2,,14,2,84.2,6,0.15384615384615385
302,James Tarkowski,1,1,3420,57,184.7,1019.6,435,164.2,9,0,6,41,DEF,Everton,84.2,,38,2,84.2,22,0.5365853658536586
303,Conor Coady,1,1,2094,28,59.5,392.6,88,54.0,7,0,2,47,DEF,Everton,84.2,,23,2,84.2,7,0.14893617021276595
305,Dwight McNeil,7,5,2490,46,726.6,699.4,462,189.2,5,0,5,52,MID,Everton,84.2,,27,2,84.2,27,0.5192307692307693
308,James Garner,0,1,796,13,114.6,90.4,57,26.5,2,0,3,45,MID,Everton,84.2,,8,2,84.2,3,0.06666666666666667
309,Amadou Onana,1,3,2486,37,295.1,347.2,280,92.0,9,0,9,47,MID,Everton,84.2,,27,2,84.2,13,0.2765957446808511
311,Idrissa Gueye,0,1,2577,45,193.7,399.2,61,65.3,8,0,7,47,MID,Everton,84.2,,28,2,84.2,9,0.19148936170212766
321,Bernd Leno,0,0,3240,51,10.0,1115.8,0,112.7,8,0,3,46,GK,Fulham,86.2,142.0,36,10,86.2,16,0.34782608695652173
323,Tom Cairney,2,1,968,13,228.2,189.2,204,62.4,1,0,2,47,MID,Fulham,86.2,,10,10,86.2,9,0.19148936170212766
324,Tim Ream,1,0,2898,44,65.2,604.2,76,74.8,8,0,2,45,DEF,Fulham,86.2,,32,10,86.2,10,0.2222222222222222
327,Neeskens Kebano,0,4,758,10,179.7,119.6,112,41.5,3,0,0,54,MID,Fulham,86.2,,8,10,86.2,6,0.1111111111111111
328,Bobby De Cordova-Reid,4,1,2473,40,326.6,365.2,508,119.7,8,0,8,54,MID,Fulham,86.2,,27,10,86.2,17,0.3148148148148148
332,Tosin Adarabioyo,1,0,2084,39,89.8,495.0,128,71.4,3,0,4,44,DEF,Fulham,86.2,,23,10,86.2,10,0.22727272727272727
333,Aleksandar Mitrović,14,2,2010,30,216.5,584.8,1141,193.1,7,0,7,75,FWD,Fulham,86.2,,22,10,86.2,12,0.16
334,Harrison Reed,3,4,2868,44,495.6,480.4,266,124.2,9,0,5,43,MID,Fulham,86.2,,31,10,86.2,18,0.4186046511627907
335,Harry Wilson,2,5,1085,15,182.1,209.2,173,56.4,2,0,1,57,MID,Fulham,86.2,,12,10,86.2,8,0.14035087719298245
338,Kenny Tete,1,5,2569,36,385.6,617.8,110,111.6,7,0,8,44,DEF,Fulham,86.2,,28,10,86.2,15,0.3409090909090909
340,Antonee Robinson,0,2,3088,44,417.6,553.0,57,102.9,9,0,8,44,DEF,Fulham,86.2,,34,10,86.2,14,0.3181818181818182
343,João Palhinha Gonçalves,3,0,3108,43,141.8,560.4,336,104.2,9,0,14,49,MID,Fulham,86.2,,34,10,86.2,15,0.30612244897959184
344,Daniel James,2,1,802,18,121.4,144.6,218,48.1,1,0,0,59,MID,Fulham,86.2,,8,10,86.2,7,0.11864406779661017
345,Andreas Hoelgebaum Pereira,4,10,2696,40,965.0,440.6,495,189.3,8,0,8,43,MID,Fulham,86.2,,29,10,86.2,27,0.627906976744186
346,Issa Diop,1,0,2008,26,27.7,432.6,78,53.8,7,0,2,43,DEF,Fulham,86.2,,22,10,86.2,7,0.16279069767441862
350,Manor Solomon,4,0,560,11,86.0,214.8,107,40.8,0,0,0,49,MID,Fulham,86.2,,6,10,86.2,5,0.10204081632653061
353,Willian Borges da Silva,5,7,2127,22,658.8,430.2,447,153.6,9,0,2,55,MID,Fulham,86.2,,23,10,86.2,22,0.4
354,Carlos Vinícius Alves Morais,5,2,1098,20,118.3,244.0,370,72.7,1,0,3,54,FWD,Fulham,86.2,,12,10,86.2,4,0.07407407407407407
358,Sasa Lukic,0,0,406,10,16.0,34.2,18,6.8,0,0,1,45,MID,Fulham,86.2,,4,10,86.2,1,0.022222222222222223
363,Jonny Evans,0,0,1051,28,20.6,223.8,35,27.9,2,0,1,44,DEF,Leicester,81.7,,11,11,81.7,3,0.06818181818181818
366,Nampalys Mendy,1,0,746,13,42.0,115.2,20,17.8,0,0,1,42,MID,Leicester,81.7,,8,11,81.7,2,0.047619047619047616
368,Danny Ward,0,0,2340,46,0.0,631.4,0,63.0,6,0,0,38,GK,Leicester,81.7,75.0,26,11,81.7,8,0.21052631578947367
369,Jamie Vardy,3,5,1841,38,173.5,287.0,451,90.6,4,0,1,91,FWD,Leicester,81.7,,20,11,81.7,5,0.054945054945054944
370,Ricardo Barbosa Pereira,1,1,451,11,100.2,148.0,25,27.3,0,0,2,42,DEF,Leicester,81.7,,5,11,81.7,3,0.07142857142857142
371,Daniel Amartey,0,0,1608,27,79.8,358.4,50,48.9,5,0,1,39,DEF,Leicester,81.7,,17,11,81.7,6,0.15384615384615385
372,Timothy Castagne,2,4,3255,63,377.3,679.8,289,135.0,8,0,3,43,DEF,Leicester,81.7,,36,11,81.7,18,0.4186046511627907
373,Youri Tielemans,3,3,2341,49,458.3,512.2,190,116.2,6,0,4,61,MID,Aston Villa,90.3,,26,1,90.3,17,0.2786885245901639
374,Ayoze Pérez,0,2,378,5,151.0,65.2,92,30.9,1,0,0,47,MID,Leicester,81.7,,4,11,81.7,4,0.0851063829787234
375,James Maddison,10,9,2479,54,970.0,785.4,769,252.9,4,0,10,75,MID,Tottenham,90.4,,27,12,90.4,38,0.5066666666666667
376,Kelechi Iheanacho,5,5,1112,23,228.9,306.6,437,95.7,1,0,0,58,FWD,Leicester,81.7,,12,11,81.7,6,0.10344827586206896
378,Harvey Barnes,13,2,2709,51,305.1,567.4,883,175.5,6,0,3,65,MID,Newcastle,90.2,,30,13,90.2,26,0.4
379,Wilfred Ndidi,0,0,1672,39,73.0,317.6,45,43.2,1,0,4,48,MID,Leicester,81.7,,18,11,81.7,6,0.125
380,Kiernan Dewsbury-Hall,2,3,2305,41,527.7,446.6,233,121.0,7,1,3,49,MID,Leicester,81.7,,25,11,81.7,16,0.32653061224489793
381,Çaglar Söyüncü,1,0,528,13,13.3,174.6,53,24.1,0,0,2,42,DEF,Leicester,81.7,,5,11,81.7,3,0.07142857142857142
382,James Justin,0,2,1252,25,138.8,208.4,40,38.7,5,0,0,41,DEF,Leicester,81.7,,13,11,81.7,5,0.12195121951219512
383,Boubakary Soumaré,0,0,1624,30,148.7,236.6,5,39.2,6,0,9,44,MID,Leicester,81.7,,18,11,81.7,5,0.11363636363636363
384,Luke Thomas,0,1,1068,20,89.4,166.8,12,26.8,2,0,3,39,DEF,Leicester,81.7,,11,11,81.7,3,0.07692307692307693
385,Patson Daka,4,4,1169,24,223.6,295.2,440,95.1,5,0,2,56,FWD,Leicester,81.7,,12,11,81.7,5,0.08928571428571429
387,Daniel Iversen,0,0,1080,22,0.0,255.8,0,25.6,1,0,0,39,GK,Leicester,81.7,38.0,12,11,81.7,3,0.07692307692307693
388,Dennis Praet,1,1,635,10,66.9,96.4,64,22.7,2,0,1,48,MID,Leicester,81.7,,7,11,81.7,3,0.0625
390,Wout Faes,1,2,2786,51,115.6,662.4,93,87.1,7,1,4,42,DEF,Leicester,81.7,,30,11,81.7,11,0.2619047619047619
394,Victor Kristiansen,0,1,891,21,119.3,173.2,14,30.8,0,0,2,45,DEF,Leicester,81.7,,9,11,81.7,4,0.08888888888888889
395,Mateus Cardoso Lemos Martins,1,0,732,15,98.7,84.0,109,28.8,0,0,0,49,MID,Leicester,81.7,,8,11,81.7,4,0.08163265306122448
396,Harry Souttar,0,1,991,19,38.9,242.6,65,34.6,1,0,2,45,DEF,Leicester,81.7,,11,11,81.7,4,0.08888888888888889
398,Liam Cooper,1,0,1425,32,65.2,309.8,145,51.7,2,0,5,44,DEF,Leeds,82.2,,15,14,82.2,6,0.13636363636363635
399,Luke Ayling,2,1,2048,48,209.3,451.8,264,92.8,3,0,3,45,DEF,Leeds,82.2,,22,14,82.2,12,0.26666666666666666
401,Adam Forshaw,0,0,473,13,62.0,49.6,0,11.3,0,0,0,44,MID,Leeds,82.2,,5,14,82.2,1,0.022727272727272728
402,Rodrigo Moreno,13,2,1928,43,241.1,577.6,853,166.5,5,0,6,63,MID,Leeds,82.2,,21,14,82.2,23,0.36507936507936506
404,Patrick Bamford,4,5,1510,31,171.6,252.2,588,99.6,1,0,3,71,FWD,Leeds,82.2,,16,14,82.2,6,0.08450704225352113
405,Diego Llorente,0,0,648,12,5.8,99.0,40,14.6,1,0,1,44,DEF,Leeds,82.2,,7,14,82.2,1,0.022727272727272728
407,Robin Koch,0,0,3175,74,72.9,589.2,201,86.3,5,0,7,45,DEF,Leeds,82.2,,35,14,82.2,11,0.24444444444444444
409,Jack Harrison,5,8,2707,55,791.5,556.2,466,181.2,6,0,2,57,MID,Leeds,82.2,,30,14,82.2,25,0.43859649122807015
411,Pascal Struijk,2,2,2198,52,216.2,544.4,253,101.5,4,0,5,45,DEF,Leeds,82.2,,24,14,82.2,13,0.28888888888888886
413,Sam Greenwood,1,2,410,11,210.5,121.8,85,41.6,0,0,1,41,FWD,Leeds,82.2,,4,14,82.2,2,0.04878048780487805
414,Illan Meslier,0,0,3060,67,0.0,738.6,17,75.9,5,0,3,44,GK,Leeds,82.2,92.0,34,14,82.2,10,0.22727272727272727
415,Junior Firpo Adames,1,2,1364,33,123.4,286.0,41,45.0,1,1,5,45,DEF,Leeds,82.2,,15,14,82.2,6,0.13333333333333333
416,Crysencio Summerville,4,4,1411,38,222.6,311.8,357,88.6,1,0,4,42,MID,Leeds,82.2,,15,14,82.2,12,0.2857142857142857
420,Rasmus Kristensen,3,1,1957,53,143.6,474.4,160,78.0,2,0,4,47,DEF,Leeds,82.2,,21,14,82.2,10,0.2127659574468085
421,Marc Roca Junqué,1,3,2316,60,475.8,433.6,323,123.1,2,0,7,48,MID,Leeds,82.2,,25,14,82.2,17,0.3541666666666667
422,Brenden Aaronson,1,4,2365,58,662.6,306.0,439,141.1,5,0,2,53,MID,Leeds,82.2,,26,14,82.2,19,0.3584905660377358
424,Tyler Adams,0,0,2156,36,328.9,393.6,24,74.9,5,1,4,49,MID,Leeds,82.2,,23,14,82.2,10,0.20408163265306123
425,Luis Sinisterra Lucumí,5,0,863,23,157.7,242.8,305,70.6,0,1,1,65,MID,Leeds,82.2,,9,14,82.2,9,0.13846153846153847
428,Joel Robles,0,0,360,11,0.0,93.2,0,9.3,0,0,1,40,GK,Leeds,82.2,16.0,4,14,82.2,1,0.025
429,Wilfried Gnonto,2,4,1346,28,323.5,264.8,253,84.3,4,0,7,47,FWD,Leeds,82.2,,14,14,82.2,5,0.10638297872340426
432,Maximilian Wöber,0,0,1264,23,65.8,273.4,54,39.5,2,0,3,44,DEF,Leeds,82.2,,14,14,82.2,5,0.11363636363636363
434,Weston McKennie,0,1,1434,35,201.7,198.8,81,48.3,1,0,7,46,MID,Leeds,82.2,,15,14,82.2,6,0.13043478260869565
437,James Milner,0,1,889,12,207.2,172.8,92,47.2,3,0,2,44,MID,Liverpool,95.1,,9,7,95.09999999999998,7,0.1590909090909091
438,Jordan Henderson,0,3,2060,30,506.1,307.4,174,99.1,8,0,2,53,MID,Liverpool,95.1,,22,7,95.09999999999998,15,0.2830188679245283
439,Joel Matip,1,0,1091,20,49.5,223.4,90,36.2,3,0,3,59,DEF,Liverpool,95.1,,12,7,95.09999999999998,5,0.0847457627118644
440,Thiago Alcántara do Nascimento,0,0,1252,23,265.8,244.4,86,59.8,2,0,2,51,MID,Liverpool,95.1,,13,7,95.09999999999998,9,0.17647058823529413
441,Alex Oxlade-Chamberlain,1,0,332,7,66.3,72.4,84,22.3,0,0,0,49,MID,Liverpool,95.1,,3,7,95.09999999999998,3,0.061224489795918366
442,Roberto Firmino,11,4,1202,17,293.2,542.0,792,162.8,4,0,0,80,FWD,Liverpool,95.1,,13,7,95.09999999999998,11,0.1375
443,Virgil van Dijk,3,1,2835,36,121.0,743.2,389,125.4,11,0,3,66,DEF,Liverpool,95.1,,31,7,95.09999999999998,19,0.2878787878787879
444,Alisson Ramses Becker,0,1,3330,43,10.1,966.4,0,97.6,14,0,1,55,GK,Liverpool,95.1,105.0,37,7,95.09999999999998,15,0.2727272727272727
445,Fabio Henrique Tavares,0,2,2666,34,302.0,379.2,109,79.0,11,0,11,52,MID,Liverpool,95.1,,29,7,95.09999999999998,12,0.23076923076923078
446,Mohamed Salah,19,13,3290,45,869.9,1046.2,1620,353.7,13,0,2,125,MID,Liverpool,95.1,,36,7,95.09999999999998,57,0.456
447,Andrew Robertson,0,8,2579,34,862.1,549.2,211,162.3,9,0,3,68,DEF,Liverpool,95.1,,28,7,95.09999999999998,25,0.36764705882352944
448,Trent Alexander-Arnold,2,11,2922,44,1168.2,779.0,241,219.0,10,0,5,80,DEF,Liverpool,95.1,,32,7,95.09999999999998,33,0.4125
449,Joseph Gomez,0,0,1461,16,43.7,297.8,27,36.9,8,0,3,43,DEF,Liverpool,95.1,,16,7,95.09999999999998,5,0.11627906976744186
451,Diogo Teixeira da Silva,7,4,1125,19,237.9,304.2,337,87.5,5,0,2,86,FWD,Liverpool,95.1,,12,7,95.09999999999998,6,0.06976744186046512
453,Ibrahima Konaté,0,0,1551,22,39.6,285.6,144,46.8,7,0,5,49,DEF,Liverpool,95.1,,17,7,95.09999999999998,7,0.14285714285714285
454,Curtis Jones,3,1,1029,15,214.4,266.2,236,71.6,4,0,2,49,MID,Liverpool,95.1,,11,7,95.09999999999998,11,0.22448979591836735
455,Konstantinos Tsimikas,0,4,762,11,281.7,177.6,124,58.5,4,0,3,43,DEF,Liverpool,95.1,,8,7,95.09999999999998,9,0.20930232558139536
456,Luis Díaz,4,2,991,11,176.7,236.2,388,80.1,4,0,2,78,MID,Liverpool,95.1,,11,7,95.09999999999998,12,0.15384615384615385
457,Harvey Elliott,1,2,1600,20,372.3,257.0,363,99.4,5,0,2,48,MID,Liverpool,95.1,,17,7,95.09999999999998,16,0.3333333333333333
458,Fábio Freitas Gouveia Carvalho,2,1,339,3,36.7,89.4,173,29.7,0,0,0,51,MID,Liverpool,95.1,,3,7,95.09999999999998,4,0.0784313725490196
459,Darwin Núñez Ribeiro,9,5,1684,22,336.9,458.2,1078,186.0,7,1,1,86,FWD,Liverpool,95.1,,18,7,95.09999999999998,13,0.1511627906976744
467,Stefan Bajcetic,1,0,522,4,61.7,90.2,77,22.8,3,0,2,43,MID,Liverpool,95.1,,5,7,95.09999999999998,3,0.06976744186046512
472,Cody Gakpo,7,3,1455,19,271.1,331.8,415,101.3,6,0,0,76,MID,Liverpool,95.1,,16,7,95.09999999999998,16,0.21052631578947367
473,Kyle Walker,0,0,1953,20,176.2,223.8,39,43.8,7,0,3,47,DEF,Manchester City,100.0,,21,15,100.0,7,0.14893617021276595
474,Ilkay Gündogan,8,6,2351,20,636.9,596.2,597,182.7,10,0,0,74,MID,Manchester City,100.0,,26,15,100.0,31,0.4189189189189189
475,Kevin De Bruyne,7,18,2413,23,1476.7,897.8,598,297.6,10,0,1,105,MID,Manchester City,100.0,,26,15,100.0,50,0.47619047619047616
476,John Stones,2,2,1844,17,164.1,396.0,135,69.6,7,0,2,55,DEF,Manchester City,100.0,,20,15,100.0,11,0.2
477,Riyad Mahrez,5,12,1913,23,773.4,533.6,520,182.5,6,0,2,75,MID,Manchester City,100.0,,21,15,100.0,30,0.4
478,Jack Grealish,5,10,2051,16,721.3,515.8,683,191.7,10,0,4,75,MID,Manchester City,100.0,,22,15,100.0,32,0.4266666666666667
479,João Cancelo,2,2,1273,16,266.4,277.0,276,81.2,6,1,3,71,DEF,Manchester City,100.0,,14,15,100.0,13,0.18309859154929578
480,Ederson Santana de Moraes,0,1,3150,32,13.1,479.0,0,49.2,11,0,3,55,GK,Manchester City,100.0,46.0,35,15,100.0,8,0.14545454545454545
481,Nathan Aké,1,0,1871,15,161.6,383.4,150,69.7,9,0,2,50,DEF,Manchester City,100.0,,20,15,100.0,11,0.22
482,Aymeric Laporte,0,0,992,10,107.8,166.2,68,34.1,4,0,0,56,DEF,Manchester City,100.0,,11,15,100.0,5,0.08928571428571429
484,Bernardo Veiga de Carvalho e Silva,4,6,2196,24,515.0,492.0,424,143.1,7,0,5,65,MID,Manchester City,100.0,,24,15,100.0,24,0.36923076923076925
485,Rúben Gato Alves Dias,0,0,1997,16,83.7,416.8,124,62.5,9,0,3,60,DEF,Manchester City,100.0,,22,15,100.0,10,0.16666666666666666
486,Phil Foden,11,7,1832,16,670.8,671.2,712,205.4,5,0,1,75,MID,Manchester City,100.0,,20,15,100.0,34,0.4533333333333333
487,Rodrigo Hernandez,2,6,2911,26,555.9,716.0,493,176.9,11,0,5,56,MID,Manchester City,100.0,,32,15,100.0,29,0.5178571428571429
488,Cole Palmer,0,1,358,4,72.4,59.2,97,23.1,1,0,1,42,MID,Manchester City,100.0,,3,15,100.0,3,0.07142857142857142
490,Erling Haaland,36,9,2767,26,371.0,1390.0,1825,358.1,13,0,5,140,FWD,Manchester City,100.0,,30,15,100.0,27,0.19285714285714287
491,Julián Álvarez,9,3,1448,16,271.1,430.8,545,124.7,5,0,0,61,FWD,Manchester City,100.0,,16,15,100.0,9,0.14754098360655737
498,Rico Lewis,0,0,900,8,152.4,114.6,40,30.7,2,0,1,38,DEF,Manchester City,100.0,,10,15,100.0,5,0.13157894736842105
499,Sergio Gómez,0,1,340,6,52.8,66.2,24,14.3,1,0,0,44,DEF,Manchester City,100.0,,3,15,100.0,2,0.045454545454545456
502,Manuel Akanji,0,1,2284,23,146.5,385.6,180,71.4,7,0,2,51,DEF,Manchester City,100.0,,25,15,100.0,11,0.21568627450980393
508,Cristiano Ronaldo dos Santos Aveiro,1,0,519,8,83.2,63.8,218,35.6,3,0,2,102,FWD,Manchester United,89.3,,5,8,89.3,2,0.0196078431372549
509,David De Gea Quintana,0,0,3420,43,13.0,792.2,0,80.7,17,0,0,51,GK,Manchester United,89.3,99.0,38,8,89.3,12,0.23529411764705882
511,Raphaël Varane,0,0,1912,22,74.0,387.0,124,58.8,10,0,1,48,DEF,Manchester United,89.3,,21,8,89.3,8,0.16666666666666666
512,Harry Maguire,0,0,762,7,20.3,180.6,51,25.2,5,0,4,47,DEF,Manchester United,89.3,,8,8,89.3,3,0.06382978723404255
513,Frederico Rodrigues de Paula Santos,2,3,1228,22,335.9,282.2,213,83.0,4,0,6,51,MID,Manchester United,89.3,,13,8,89.3,12,0.23529411764705882
514,Luke Shaw,1,4,2552,35,547.7,572.8,118,124.2,12,0,8,55,DEF,Manchester United,89.3,,28,8,89.3,18,0.32727272727272727
515,Bruno Borges Fernandes,8,9,3317,39,1532.3,948.0,948,343.1,18,0,6,95,MID,Manchester United,89.3,,36,8,89.3,51,0.5368421052631579
517,Marcus Rashford,17,7,2880,39,459.7,887.8,1427,277.6,13,0,2,90,MID,Manchester United,89.3,,32,8,89.3,42,0.4666666666666667
519,Victor Lindelöf,0,0,1359,16,53.5,265.0,19,33.9,6,0,1,41,DEF,Manchester United,89.3,,15,8,89.3,5,0.12195121951219512
520,Scott McTominay,1,0,1149,20,122.8,242.2,156,51.7,4,0,8,49,MID,Manchester United,89.3,,12,8,89.3,7,0.14285714285714285
522,Jadon Sancho,6,3,1683,18,543.9,390.6,382,131.7,13,0,0,70,MID,Manchester United,89.3,,18,8,89.3,19,0.2714285714285714
523,Aaron Wan-Bissaka,0,0,1432,10,221.9,290.4,143,65.5,8,0,2,43,DEF,Manchester United,89.3,,15,8,89.3,9,0.20930232558139536
524,Diogo Dalot Teixeira,1,2,2152,34,418.6,469.4,272,116.0,10,0,6,48,DEF,Manchester United,89.3,,23,8,89.3,16,0.3333333333333333
526,Anthony Elanga,0,1,417,2,78.8,52.4,162,28.7,2,0,0,46,MID,Manchester United,89.3,,4,8,89.3,4,0.08695652173913043
527,Anthony Martial,6,3,970,8,179.0,305.2,376,85.4,7,0,0,63,FWD,Manchester United,89.3,,10,8,89.3,5,0.07936507936507936
530,Tyrell Malacia,0,0,1391,14,125.8,206.4,77,41.1,7,0,6,42,DEF,Manchester United,89.3,,15,8,89.3,6,0.14285714285714285
531,Christian Eriksen,1,9,2046,25,564.3,420.8,344,132.8,13,0,3,62,MID,Manchester United,89.3,,22,8,89.3,20,0.3225806451612903
532,Lisandro Martínez,1,0,2113,33,110.4,571.8,82,76.7,9,0,6,44,DEF,Manchester United,89.3,,23,8,89.3,11,0.25
535,Alejandro Garnacho,3,2,557,13,58.5,153.8,266,47.9,0,0,3,41,MID,Manchester United,89.3,,6,8,89.3,7,0.17073170731707318
536,Carlos Henrique Casimiro,4,3,2122,22,393.0,638.6,278,131.1,10,2,7,49,MID,Manchester United,89.3,,23,8,89.3,19,0.3877551020408163
537,Antony Matheus dos Santos,4,2,1803,21,421.0,322.0,633,137.1,12,0,5,73,MID,Manchester United,89.3,,20,8,89.3,20,0.273972602739726
543,Wout Weghorst,0,1,790,11,183.7,97.6,140,42.1,4,0,1,54,FWD,Manchester United,89.3,,8,8,89.3,2,0.037037037037037035
544,Marcel Sabitzer,0,1,622,7,138.9,100.4,84,32.5,5,0,1,47,MID,Manchester United,89.3,,6,8,89.3,4,0.0851063829787234
546,Anthony Gordon,4,0,1574,18,215.3,265.6,517,99.8,4,0,7,51,MID,Newcastle,90.2,,17,13,90.2,15,0.29411764705882354
552,Callum Wilson,18,6,1870,16,271.0,720.0,1020,200.4,10,0,4,80,FWD,Newcastle,90.2,,20,13,90.2,13,0.1625
553,Kieran Trippier,1,9,3342,31,1818.5,904.8,117,284.3,16,0,5,65,DEF,Newcastle,90.2,,37,13,90.2,41,0.6307692307692307
554,Dan Burn,1,0,3109,30,230.4,550.2,265,104.8,14,0,5,45,DEF,Newcastle,90.2,,34,13,90.2,15,0.3333333333333333
555,Ryan Fraser,0,0,308,3,74.0,26.8,70,17.2,1,0,1,52,MID,Newcastle,90.2,,3,13,90.2,2,0.038461538461538464
561,Jacob Murphy,4,2,1230,12,302.5,275.0,410,98.9,3,0,0,42,MID,Newcastle,90.2,,13,13,90.2,15,0.35714285714285715
562,Fabian Schär,1,3,3207,28,263.9,653.4,521,144.1,15,0,7,50,DEF,Newcastle,90.2,,35,13,90.2,21,0.42
563,Matt Targett,0,0,600,6,141.9,97.6,8,24.8,3,0,1,47,DEF,Newcastle,90.2,,6,13,90.2,3,0.06382978723404255
564,Allan Saint-Maximin,1,6,1109,14,344.1,266.4,370,98.2,4,0,1,61,MID,Newcastle,90.2,,12,13,90.2,15,0.2459016393442623
565,Miguel Almirón Rejala,11,4,2487,22,424.0,599.2,849,187.5,15,0,2,65,MID,Newcastle,90.2,,27,13,90.2,28,0.4307692307692308
566,Sean Longstaff,1,5,2514,18,372.0,385.2,408,116.8,13,0,2,43,MID,Newcastle,90.2,,27,13,90.2,17,0.3953488372093023
567,Joelinton Cássio Apolinário de Lira,6,5,2660,26,413.1,603.4,655,167.3,11,0,12,60,MID,Newcastle,90.2,,29,13,90.2,25,0.4166666666666667
569,Joe Willock,3,7,2556,26,547.0,520.8,680,174.9,12,0,1,47,MID,Newcastle,90.2,,28,13,90.2,26,0.5531914893617021
570,Bruno Guimarães Rodriguez Moura,4,5,2727,25,631.8,617.6,284,153.6,12,0,7,55,MID,Newcastle,90.2,,30,13,90.2,23,0.41818181818181815
572,Nick Pope,0,0,3261,32,20.0,709.6,0,72.9,14,1,3,55,GK,Newcastle,90.2,85.0,36,13,90.2,11,0.2
573,Sven Botman,0,2,3127,30,120.1,554.4,303,98.1,13,0,2,45,DEF,Newcastle,90.2,,34,13,90.2,14,0.3111111111111111
574,Elliot Anderson,0,1,395,7,114.7,70.2,180,36.5,1,0,0,43,MID,Newcastle,90.2,,4,13,90.2,5,0.11627906976744186
576,Alexander Isak,10,2,1520,20,244.1,475.0,693,141.1,4,0,3,70,FWD,Newcastle,90.2,,16,13,90.2,9,0.12857142857142856
581,Neco Williams,1,1,1872,41,257.3,372.2,209,84.0,4,0,7,38,DEF,Nottingham ,82.9,,20,16,82.9,11,0.2894736842105263
582,Jonjo Shelvey,0,0,573,11,102.1,55.6,11,16.3,1,0,2,48,MID,Nottingham ,82.9,,6,16,82.9,2,0.041666666666666664
583,Chris Wood,3,0,807,9,82.1,145.2,169,39.3,4,0,0,56,FWD,Nottingham ,82.9,,8,16,82.9,2,0.03571428571428571
585,Steve Cook,0,0,956,21,39.3,177.4,28,24.4,2,0,4,43,DEF,Nottingham ,82.9,,10,16,82.9,3,0.06976744186046512
587,Jack Colback,0,0,492,11,33.7,62.0,2,9.9,0,0,0,41,MID,Nottingham ,82.9,,5,16,82.9,1,0.024390243902439025
591,Scott McKenna,0,0,1570,32,93.9,278.8,46,41.8,5,0,4,44,DEF,Nottingham ,82.9,,17,16,82.9,5,0.11363636363636363
593,Ryan Yates,0,3,1833,36,97.3,206.8,233,53.1,5,0,5,50,MID,Nottingham ,82.9,,20,16,82.9,7,0.14
594,Joe Worrall,1,0,2215,44,66.4,471.0,92,62.5,5,0,6,42,DEF,Nottingham ,82.9,,24,16,82.9,8,0.19047619047619047
597,Sam Surridge,1,0,306,5,15.9,59.4,92,15.7,0,0,2,46,FWD,Nottingham ,82.9,,3,16,82.9,1,0.021739130434782608
600,Brennan Johnson,8,5,2930,54,373.6,478.2,729,157.4,7,0,6,55,FWD,Nottingham ,82.9,,32,16,82.9,10,0.18181818181818182
603,Taiwo Awoniyi,10,1,1395,29,129.6,375.8,378,87.8,5,0,2,56,FWD,Nottingham ,82.9,,15,16,82.9,5,0.08928571428571429
604,Dean Henderson,0,0,1620,31,0.0,474.4,0,47.5,6,0,2,46,GK,Nottingham ,82.9,52.0,18,16,82.9,6,0.13043478260869565
606,Willy Boly,0,1,684,10,11.8,145.0,24,18.3,3,0,2,41,DEF,Nottingham ,82.9,,7,16,82.9,2,0.04878048780487805
607,Morgan Gibbs-White,5,12,3151,61,941.1,593.4,624,215.7,8,0,6,55,MID,Nottingham ,82.9,,35,16,82.9,30,0.5454545454545454
608,Moussa Niakhaté,0,0,1163,22,14.8,173.4,61,24.9,2,0,1,43,DEF,Nottingham ,82.9,,12,16,82.9,3,0.06976744186046512
611,Harry Toffolo,0,0,933,17,93.5,147.0,67,30.6,2,0,2,43,DEF,Nottingham ,82.9,,10,16,82.9,4,0.09302325581395349
612,Lewis O'Brien,1,0,578,14,56.4,107.8,47,21.1,1,0,2,47,MID,Nottingham ,82.9,,6,16,82.9,2,0.0425531914893617
613,Jesse Lingard,0,1,918,17,151.9,50.6,127,32.9,5,0,1,54,MID,Nottingham ,82.9,,10,16,82.9,4,0.07407407407407407
614,Orel Mangala,1,1,1543,24,61.6,191.4,75,32.8,5,0,3,49,MID,Nottingham ,82.9,,17,16,82.9,4,0.08163265306122448
616,Remo Freuler,0,0,2157,47,174.7,272.2,54,50.3,6,0,4,49,MID,Nottingham ,82.9,,23,16,82.9,7,0.14285714285714285
617,Cheikhou Kouyaté,1,0,871,23,82.8,158.8,81,32.2,2,0,3,44,MID,Nottingham ,82.9,,9,16,82.9,4,0.09090909090909091
618,Emmanuel Dennis,2,2,709,17,96.8,166.4,286,54.6,1,0,3,56,FWD,Nottingham ,82.9,,7,16,82.9,3,0.05357142857142857
619,Renan Augusto Lodi dos Santos,0,2,2211,48,208.2,319.0,97,62.5,5,0,7,43,DEF,Nottingham ,82.9,,24,16,82.9,8,0.18604651162790697
621,Serge Aurier,1,0,1943,31,164.1,431.0,112,70.9,6,0,2,43,DEF,Nottingham ,82.9,,21,16,82.9,9,0.20930232558139536
625,Danilo dos Santos de Oliveira,3,2,976,18,108.1,253.8,113,47.1,1,0,1,45,MID,Nottingham ,82.9,,10,16,82.9,6,0.13333333333333333
626,Keylor Navas,0,0,1530,32,0.0,387.6,0,38.7,2,0,2,45,GK,Nottingham ,82.9,51.0,17,16,82.9,5,0.1111111111111111
627,Felipe Augusto de Almeida Monteiro,0,1,1417,32,79.5,379.0,130,59.0,1,0,4,45,DEF,Nottingham ,82.9,,15,16,82.9,7,0.15555555555555556
628,André Ayew,0,0,306,10,17.1,34.0,53,10.5,0,0,1,50,MID,Nottingham ,82.9,,3,16,82.9,1,0.02
630,Ainsley Maitland-Niles,0,1,1400,31,159.2,280.2,23,46.0,3,0,3,48,MID,Southampton,81.1,,15,17,81.1,6,0.125
631,Roméo Lavia,1,1,2219,50,247.1,344.8,46,64.2,4,0,9,45,MID,Southampton,81.1,,24,17,81.1,8,0.17777777777777778
632,Theo Walcott,2,2,1123,30,159.1,164.6,199,52.1,2,0,1,48,MID,Southampton,81.1,,12,17,81.1,7,0.14583333333333334
633,Alex McCarthy,0,0,540,17,0.0,84.2,0,8.4,0,0,0,43,GK,Southampton,81.1,14.0,6,17,81.1,1,0.023255813953488372
636,Stuart Armstrong,2,2,1391,34,282.8,234.2,267,78.6,1,0,6,47,MID,Southampton,81.1,,15,17,81.1,10,0.2127659574468085
637,Mohamed Elyounoussi,1,1,2162,45,297.2,285.0,388,96.8,2,0,4,51,MID,Southampton,81.1,,24,17,81.1,13,0.2549019607843137
638,James Ward-Prowse,9,4,3371,72,1162.9,880.4,319,236.3,4,0,6,61,MID,Southampton,81.1,,37,17,81.1,32,0.5245901639344263
639,Adam Armstrong,2,1,1321,24,148.8,142.0,275,55.6,1,0,2,53,FWD,Southampton,81.1,,14,17,81.1,3,0.05660377358490566
640,Kyle Walker-Peters,1,0,2650,58,277.9,403.4,198,87.9,3,0,4,44,DEF,Southampton,81.1,,29,17,81.1,11,0.25
641,Jan Bednarek,0,0,1770,40,38.4,415.0,43,49.7,3,0,5,41,DEF,Southampton,81.1,,19,17,81.1,6,0.14634146341463414
642,Che Adams,5,5,1987,41,336.4,340.4,583,124.6,4,0,1,60,FWD,Southampton,81.1,,22,17,81.1,7,0.11666666666666667
644,Lyanco Silveira Neves Vojnovic,1,1,1173,26,52.8,281.6,114,45.0,0,0,4,44,DEF,Southampton,81.1,,13,17,81.1,5,0.11363636363636363
647,Ibrahima Diallo,0,0,813,19,66.0,85.4,28,17.7,0,0,4,41,MID,Southampton,81.1,,9,17,81.1,2,0.04878048780487805
648,Romain Perraud,2,2,1828,35,251.8,360.6,298,90.9,4,0,4,40,DEF,Southampton,81.1,,20,17,81.1,12,0.3
649,Moussa Djenepo,0,2,702,14,123.2,141.8,70,33.7,0,0,1,49,MID,Southampton,81.1,,7,17,81.1,4,0.08163265306122448
651,Mohammed Salisu,0,1,1971,41,109.7,537.4,167,81.5,1,0,5,42,DEF,Southampton,81.1,,21,17,81.1,10,0.23809523809523808
653,Gavin Bazunu,0,0,2880,56,10.0,633.0,0,64.2,4,0,0,44,GK,Southampton,81.1,67.0,32,17,81.1,8,0.18181818181818182
654,Armel Bella-Kotchap,0,2,1881,39,76.4,422.4,105,60.6,3,0,4,45,DEF,Southampton,81.1,,20,17,81.1,8,0.17777777777777778
656,Joe Ayodele-Aribo,2,0,1219,24,137.1,209.6,366,71.5,1,0,2,50,MID,Southampton,81.1,,13,17,81.1,9,0.18
657,Sékou Mara,1,2,538,10,77.5,104.8,169,33.9,0,0,1,53,FWD,Southampton,81.1,,5,17,81.1,2,0.03773584905660377
659,Duje Caleta-Car,1,0,942,15,16.2,262.4,69,34.9,1,0,2,44,DEF,Southampton,81.1,,10,17,81.1,4,0.09090909090909091
660,Samuel Edozie,0,0,554,9,110.3,89.2,133,33.2,1,0,0,46,MID,Southampton,81.1,,6,17,81.1,4,0.08695652173913043
665,Carlos Alcaraz,4,2,1024,25,64.4,199.0,190,45.1,0,0,3,50,MID,Southampton,81.1,,11,17,81.1,6,0.12
666,James Bree,0,0,366,12,65.3,49.2,4,11.7,0,0,1,45,DEF,Southampton,81.1,,4,17,81.1,1,0.022222222222222223
667,Kamaldeen Sulemana,2,1,959,20,175.5,105.2,164,44.5,3,0,1,49,MID,Southampton,81.1,,10,17,81.1,6,0.12244897959183673
668,Paul Onuachu,0,0,401,7,52.8,30.2,126,20.6,1,0,0,53,FWD,Southampton,81.1,,4,17,81.1,1,0.018867924528301886
672,Hugo Lloris,0,0,2205,39,0.0,540.0,0,54.0,7,0,0,54,GK,Tottenham,90.4,79.0,24,12,90.4,8,0.14814814814814814
673,Fraser Forster,0,0,1215,24,0.0,256.8,0,25.8,3,0,1,39,GK,Tottenham,90.4,30.0,13,12,90.4,3,0.07692307692307693
674,Harry Kane,30,9,3406,62,744.8,1256.6,1707,371.0,11,0,6,125,FWD,Tottenham,90.4,,37,12,90.4,25,0.2
675,Son Heung-min,10,6,2886,55,829.3,709.2,910,244.7,9,0,2,90,MID,Tottenham,90.4,,32,12,90.4,37,0.4111111111111111
676,Matt Doherty,1,0,663,9,110.5,147.0,146,40.3,3,0,0,46,DEF,Tottenham,90.4,,7,12,90.4,5,0.10869565217391304
677,Eric Dier,2,1,2816,52,112.3,653.2,235,100.1,9,0,3,50,DEF,Tottenham,90.4,,31,12,90.4,14,0.28
679,Ben Davies,2,3,2284,33,276.9,407.8,172,85.8,9,0,4,47,DEF,Tottenham,90.4,,25,12,90.4,12,0.2553191489361702
680,Pierre-Emile Højbjerg,4,5,3131,57,501.7,758.0,237,150.0,10,0,5,53,MID,Tottenham,90.4,,34,12,90.4,23,0.4339622641509434
682,Davinson Sánchez,0,0,848,17,29.9,180.6,52,26.3,2,0,1,42,DEF,Tottenham,90.4,,9,12,90.4,3,0.07142857142857142
683,Ryan Sessegnon,2,1,805,15,103.0,148.6,290,54.3,1,0,4,44,DEF,Tottenham,90.4,,8,12,90.4,7,0.1590909090909091
687,Rodrigo Bentancur,5,2,1501,24,180.2,489.6,236,90.7,6,0,8,53,MID,Tottenham,90.4,,16,12,90.4,13,0.24528301886792453
688,Oliver Skipp,1,0,1489,28,146.1,198.2,52,39.8,4,0,7,43,MID,Tottenham,90.4,,16,12,90.4,6,0.13953488372093023
690,Cristian Romero,0,2,2363,41,136.2,546.2,91,77.3,8,1,9,49,DEF,Tottenham,90.4,,26,12,90.4,11,0.22448979591836735
691,Yves Bissouma,0,0,998,20,135.0,111.0,23,26.8,1,0,6,47,MID,Tottenham,90.4,,11,12,90.4,4,0.0851063829787234
692,Emerson Leite de Souza Junior,2,2,1729,27,178.9,376.2,230,78.7,7,1,2,48,DEF,Tottenham,90.4,,19,12,90.4,11,0.22916666666666666
693,Dejan Kulusevski,2,7,2062,40,627.6,409.2,514,154.7,8,0,2,70,MID,Tottenham,90.4,,22,12,90.4,23,0.32857142857142857
695,Ivan Perišić,1,8,2099,44,732.8,517.8,394,164.2,6,0,6,53,DEF,Tottenham,90.4,,23,12,90.4,24,0.4528301886792453
701,Richarlison de Andrade,1,5,995,18,221.0,201.6,401,82.0,3,0,3,84,FWD,Tottenham,90.4,,11,12,90.4,5,0.05952380952380952
702,Clément Lenglet,0,2,2018,35,136.1,380.8,130,64.7,5,0,4,48,DEF,Tottenham,90.4,,22,12,90.4,9,0.1875
706,Pedro Porro,3,3,1132,26,377.9,268.6,150,79.6,2,0,0,48,DEF,Tottenham,90.4,,12,12,90.4,11,0.22916666666666666
711,Danny Ings,8,2,1579,26,186.0,398.4,604,118.6,5,0,4,60,FWD,West Ham,87.1,,17,18,87.1,7,0.11666666666666667
712,Lukasz Fabianski,0,0,3111,48,0.0,755.6,0,75.4,9,0,1,49,GK,West Ham,87.1,106.0,34,18,87.1,11,0.22448979591836735
713,Angelo Ogbonna,0,0,1234,19,35.2,212.8,24,27.4,4,0,0,44,DEF,West Ham,87.1,,13,18,87.1,3,0.06818181818181818
714,Aaron Cresswell,0,1,2235,32,632.9,411.6,81,113.0,6,0,3,47,DEF,West Ham,87.1,,24,18,87.1,16,0.3404255319148936
715,Michail Antonio,5,3,1822,29,207.7,305.8,559,107.0,5,0,2,69,FWD,West Ham,87.1,,20,18,87.1,7,0.10144927536231885
717,Kurt Zouma,2,1,1988,29,18.7,415.0,239,67.4,7,0,0,44,DEF,West Ham,87.1,,22,18,87.1,9,0.20454545454545456
719,Vladimir Coufal,0,2,2135,35,330.5,361.6,54,74.9,4,0,5,40,DEF,West Ham,87.1,,23,18,87.1,10,0.25
720,Saïd Benrahma,6,3,2059,32,613.9,510.0,653,177.7,6,0,0,55,MID,West Ham,87.1,,22,18,87.1,26,0.4727272727272727
721,Jarrod Bowen,6,9,3232,50,674.8,625.8,1076,237.9,9,0,2,70,MID,West Ham,87.1,,35,18,87.1,35,0.5
723,Declan Rice,4,3,3272,50,522.4,777.6,226,152.7,9,0,5,47,MID,Arsenal,94.6,,36,0,94.6,24,0.5106382978723404
724,Tomas Soucek,2,4,2811,42,230.1,565.6,472,127.1,8,0,3,50,MID,West Ham,87.1,,31,18,87.1,18,0.36
725,Pablo Fornals Malla,3,1,1493,28,281.0,226.6,182,68.7,1,0,0,49,MID,West Ham,87.1,,16,18,87.1,10,0.20408163265306123
726,Ben Johnson,0,0,860,13,76.8,161.6,20,25.9,2,0,0,44,DEF,West Ham,87.1,,9,18,87.1,3,0.06818181818181818
727,Nayef Aguerd,2,0,1594,28,67.5,404.4,113,58.5,5,0,4,48,DEF,West Ham,87.1,,17,18,87.1,8,0.16666666666666666
728,Alphonse Areola,0,0,307,7,0.0,69.4,0,6.8,0,0,0,43,GK,West Ham,87.1,9.0,3,18,87.1,1,0.023255813953488372
729,Flynn Downes,0,0,752,14,28.9,55.8,51,13.4,1,0,2,42,MID,West Ham,87.1,,8,18,87.1,1,0.023809523809523808
730,Gianluca Scamacca,3,0,921,12,160.7,151.8,312,62.0,3,0,3,66,FWD,West Ham,87.1,,10,18,87.1,4,0.06060606060606061
731,Emerson Palmieri dos Santos,1,0,1317,28,188.8,224.8,178,59.4,2,0,2,40,DEF,West Ham,87.1,,14,18,87.1,8,0.2
735,Thilo Kehrer,0,3,2229,34,126.2,347.6,83,56.0,5,0,4,43,DEF,West Ham,87.1,,24,18,87.1,8,0.18604651162790697
736,Lucas Tolentino Coelho de Lima,4,5,2154,39,446.5,496.8,473,142.0,6,0,5,59,MID,West Ham,87.1,,23,18,87.1,20,0.3389830508474576
741,Craig Dawson,1,1,2134,31,37.2,455.6,145,64.0,7,0,6,48,DEF,Wolves,85.7,,23,19,85.7,9,0.1875
742,Raúl Jiménez,0,2,839,18,116.0,74.6,273,46.3,2,0,0,65,FWD,Wolves,85.7,,9,19,85.7,3,0.046153846153846156
743,Jonathan Castro Otto,1,0,1257,21,118.2,233.2,83,43.7,5,1,3,43,DEF,Wolves,85.7,,13,19,85.7,6,0.13953488372093023
744,José Malheiro de Sá,0,0,3240,55,0.0,845.6,0,84.7,11,0,2,50,GK,Wolves,85.7,105.0,36,19,85.7,12,0.24
745,Rúben da Silva Neves,6,2,3020,48,474.7,788.8,347,161.0,10,0,12,52,MID,Wolves,85.7,,33,19,85.7,23,0.4423076923076923
746,Hwang Hee-chan,3,2,1117,18,138.8,194.0,242,57.5,3,0,1,57,MID,Wolves,85.7,,12,19,85.7,8,0.14035087719298245
747,Nélson Cabral Semedo,0,1,2633,43,226.5,443.4,79,74.4,8,1,11,50,DEF,Wolves,85.7,,29,19,85.7,10,0.2
748,Daniel Castelo Podence,6,1,1760,31,512.8,376.0,580,146.8,6,0,5,51,MID,Wolves,85.7,,19,19,85.7,21,0.4117647058823529
749,Max Kilman,0,1,3307,56,66.9,739.8,106,91.6,11,0,3,43,DEF,Wolves,85.7,,36,19,85.7,12,0.27906976744186046
751,Pedro Lomba Neto,0,2,962,15,309.5,96.8,203,60.9,5,0,1,49,MID,Wolves,85.7,,10,19,85.7,8,0.16326530612244897
752,Rayan Aït-Nouri,1,0,1067,18,130.5,195.0,156,48.3,4,0,4,41,DEF,Wolves,85.7,,11,19,85.7,6,0.14634146341463414
754,Toti António Gomes,1,0,978,14,74.3,225.2,65,36.5,4,0,6,39,DEF,Wolves,85.7,,10,19,85.7,5,0.1282051282051282
756,Adama Traoré Diarra,2,4,1477,30,370.0,253.6,258,87.9,2,0,2,53,MID,Wolves,85.7,,16,19,85.7,12,0.22641509433962265
759,João Filipe Iria Santos Moutinho,0,2,1773,28,537.7,309.8,142,99.2,6,0,3,46,MID,Wolves,85.7,,19,19,85.7,14,0.30434782608695654
760,Nathan Collins,0,0,1811,37,37.9,419.0,29,48.9,4,1,2,42,DEF,Wolves,85.7,,20,19,85.7,6,0.14285714285714285
762,Hugo Bueno López,0,1,1307,29,254.8,221.2,74,55.3,3,0,1,38,DEF,Wolves,85.7,,14,19,85.7,7,0.18421052631578946
766,Gonçalo Manuel Ganchinho Guedes,1,1,703,12,139.6,89.4,223,45.1,2,0,1,58,MID,Wolves,85.7,,7,19,85.7,6,0.10344827586206896
767,Matheus Luiz Nunes,1,1,2467,38,405.0,370.2,310,108.6,11,1,2,48,MID,Wolves,85.7,,27,19,85.7,15,0.3125
769,Diego Da Silva Costa,1,0,1235,17,144.3,96.8,504,73.3,6,1,5,53,FWD,Wolves,85.7,,13,19,85.7,4,0.07547169811320754
770,Boubacar Traoré,0,1,405,9,16.6,49.6,7,7.4,0,0,2,43,MID,Wolves,85.7,,4,19,85.7,1,0.023255813953488372
774,Matheus Santos Carneiro Da Cunha,2,0,961,12,95.1,143.0,217,45.1,5,0,1,53,FWD,Wolves,85.7,,10,19,85.7,2,0.03773584905660377
775,Mario Lemina,0,1,1297,28,65.0,200.4,36,30.1,5,1,2,45,MID,Wolves,85.7,,14,19,85.7,4,0.08888888888888889
776,Pablo Sarabia,1,0,764,9,184.7,92.0,157,43.0,3,0,3,49,MID,Wolves,85.7,,8,19,85.7,6,0.12244897959183673
778,João Victor Gomes da Silva,1,0,649,18,72.0,133.0,46,24.9,2,0,5,45,MID,Wolves,85.7,,7,19,85.7,3,0.06666666666666667
